"MaTK","MaNV","MaVT","TenTaiKhoan","MatKhau","TrangThai"
"TK001","NV001","VT003","hoangxchrm","Nhanvien123456!","Offline"
"TK002","NV002","VT003","lekahrm","Nhanvien123456!","Offline"
"TK003","NV003","VT003","nguyengkhrm","Nhanvien123456!","Offline"
"TK004","NV004","VT003","trannphrm","Nhanvien123456!","Offline"
"TK005","NV005","VT003","voknhrm","Nhanvien123456!","Offline"
"TK006","NV006","VT003","trantphrm","Nhanvien123456!","Offline"
"TK007","NV007","VT003","hognhrm","Nhanvien123456!","Offline"
"TK008","NV008","VT003","vuxmhrm","Nhanvien123456!","Offline"
"TK009","NV009","VT003","voglhrm","Nhanvien123456!","Offline"
"TK010","NV010","VT003","nguyengthrm","Nhanvien123456!","Offline"
"TK011","NV011","VT002","phanbthrm","Nhanvien123456!","Offline"
"TK012","NV012","VT002","huynhdhhrm","Nhanvien123456!","Offline"
"TK013","NV013","VT002","lykthrm","Nhanvien123456!","Offline"
"TK014","NV014","VT002","phammhhrm","Nhanvien123456!","Offline"
"TK015","NV015","VT002","hoangvhhrm","Nhanvien123456!","Offline"
"TK016","NV016","VT002","hoangvhhrm","Nhanvien123456!","Offline"
"TK017","NV017","VT002","huynhtvhrm","Nhanvien123456!","Offline"
"TK018","NV018","VT002","trannphrm","Nhanvien123456!","Offline"
"TK019","NV019","VT002","phannthrm","Nhanvien123456!","Offline"
"TK020","NV020","VT002","dangthhrm","Nhanvien123456!","Offline"
"TK021","NV021","VT003","voknhrm","Nhanvien123456!","Offline"
"TK022","NV022","VT003","lytnhrm","Nhanvien123456!","Offline"
"TK023","NV023","VT003","buikahrm","Nhanvien123456!","Offline"
"TK024","NV024","VT003","lyqvhrm","Nhanvien123456!","Offline"
"TK025","NV025","VT003","honkhrm","Nhanvien123456!","Offline"
"TK026","NV026","VT003","leddhrm","Nhanvien123456!","Offline"
"TK027","NV027","VT003","lenhhrm","Nhanvien123456!","Offline"
"TK028","NV028","VT003","buitlhrm","Nhanvien123456!","Offline"
"TK029","NV029","VT003","phanhvhrm","Nhanvien123456!","Offline"
"TK030","NV030","VT003","vumthrm","Nhanvien123456!","Offline"
"TK031","NV031","VT003","lenthrm","Nhanvien123456!","Offline"
"TK032","NV032","VT003","huynhtthrm","Nhanvien123456!","Offline"
"TK033","NV033","VT003","phangthrm","Nhanvien123456!","Offline"
"TK034","NV034","VT003","huynhklhrm","Nhanvien123456!","Offline"
"TK035","NV035","VT003","dangtmhrm","Nhanvien123456!","Offline"
"TK036","NV036","VT003","duonggthrm","Nhanvien123456!","Offline"
"TK037","NV037","VT003","nguyenxmhrm","Nhanvien123456!","Offline"
"TK038","NV038","VT003","nguyenqlhrm","Nhanvien123456!","Offline"
"TK039","NV039","VT003","duongtthrm","Nhanvien123456!","Offline"
"TK040","NV040","VT003","huynhnvhrm","Nhanvien123456!","Offline"
"TK041","NV041","VT003","lyvhhrm","Nhanvien123456!","Offline"
"TK042","NV042","VT003","duongkthrm","Nhanvien123456!","Offline"
"TK043","NV043","VT003","vunhhrm","Nhanvien123456!","Offline"
"TK044","NV044","VT003","ngodkhrm","Nhanvien123456!","Offline"
"TK045","NV045","VT003","huynhmnhrm","Nhanvien123456!","Offline"
"TK046","NV046","VT003","lygbhrm","Nhanvien123456!","Offline"
"TK047","NV047","VT003","phamthhrm","Nhanvien123456!","Offline"
"TK048","NV048","VT003","nguyentthrm","Nhanvien123456!","Offline"
"TK049","NV049","VT003","hoangthhrm","Nhanvien123456!","Offline"
"TK050","NV050","VT003","phanbhhrm","Nhanvien123456!","Offline"
"TK051","NV051","VT003","homahrm","Nhanvien123456!","Offline"
"TK052","NV052","VT003","lytphrm","Nhanvien123456!","Offline"
"TK053","NV053","VT003","vutphrm","Nhanvien123456!","Offline"
"TK054","NV054","VT003","phantnhrm","Nhanvien123456!","Offline"
"TK055","NV055","VT003","buimyhrm","Nhanvien123456!","Offline"
"TK056","NV056","VT003","trantthrm","Nhanvien123456!","Offline"
"TK057","NV057","VT003","lykthrm","Nhanvien123456!","Offline"
"TK058","NV058","VT003","buidvhrm","Nhanvien123456!","Offline"
"TK059","NV059","VT003","vuvhhrm","Nhanvien123456!","Offline"
"TK060","NV060","VT003","vuxthrm","Nhanvien123456!","Offline"
"TK061","NV061","VT003","homlhrm","Nhanvien123456!","Offline"
"TK062","NV062","VT003","lenshrm","Nhanvien123456!","Offline"
"TK063","NV063","VT003","huynhtahrm","Nhanvien123456!","Offline"
"TK064","NV064","VT003","lykthrm","Nhanvien123456!","Offline"
"TK065","NV065","VT003","vonvhrm","Nhanvien123456!","Offline"
"TK066","NV066","VT003","huynhtahrm","Nhanvien123456!","Offline"
"TK067","NV067","VT003","phanghhrm","Nhanvien123456!","Offline"
"TK068","NV068","VT003","vudthrm","Nhanvien123456!","Offline"
"TK069","NV069","VT003","huynhmahrm","Nhanvien123456!","Offline"
"TK070","NV070","VT003","vuhshrm","Nhanvien123456!","Offline"
"TK071","NV071","VT003","nguyenhthrm","Nhanvien123456!","Offline"
"TK072","NV072","VT003","vudbhrm","Nhanvien123456!","Offline"
"TK073","NV073","VT003","hoangtphrm","Nhanvien123456!","Offline"
"TK074","NV074","VT003","lebvhrm","Nhanvien123456!","Offline"
"TK075","NV075","VT003","phandthrm","Nhanvien123456!","Offline"
"TK076","NV076","VT003","buitahrm","Nhanvien123456!","Offline"
"TK077","NV077","VT003","vogshrm","Nhanvien123456!","Offline"
"TK078","NV078","VT003","tranxkhrm","Nhanvien123456!","Offline"
"TK079","NV079","VT003","trannthrm","Nhanvien123456!","Offline"
"TK080","NV080","VT003","duongbthrm","Nhanvien123456!","Offline"
"TK081","NV081","VT003","hoangtbhrm","Nhanvien123456!","Offline"
"TK082","NV082","VT003","phamgchrm","Nhanvien123456!","Offline"
"TK083","NV083","VT003","huynhnmhrm","Nhanvien123456!","Offline"
"TK084","NV084","VT003","huynhknhrm","Nhanvien123456!","Offline"
"TK085","NV085","VT003","vutlhrm","Nhanvien123456!","Offline"
"TK086","NV086","VT003","vohlhrm","Nhanvien123456!","Offline"
"TK087","NV087","VT003","lydmhrm","Nhanvien123456!","Offline"
"TK088","NV088","VT003","huynhmlhrm","Nhanvien123456!","Offline"
"TK089","NV089","VT003","letkhrm","Nhanvien123456!","Offline"
"TK090","NV090","VT003","ngothhrm","Nhanvien123456!","Offline"
"TK091","NV091","VT001","dangtnhrm","Nhanvien123456!","Offline"
"TK092","NV092","VT001","phamthhrm","Nhanvien123456!","Offline"
"TK093","NV093","VT001","buinkhrm","Nhanvien123456!","Offline"
"TK094","NV094","VT001","dangdphrm","Nhanvien123456!","Offline"
"TK095","NV095","VT001","huynhkvhrm","Nhanvien123456!","Offline"
"TK096","NV096","VT001","duongkmhrm","Nhanvien123456!","Offline"
"TK097","NV097","VT001","hoxhhrm","Nhanvien123456!","Offline"
"TK098","NV098","VT001","hobvhrm","Nhanvien123456!","Offline"
"TK099","NV099","VT001","phanvhhrm","Nhanvien123456!","Offline"
"TK100","NV100","VT001","letvhrm","Nhanvien123456!","Offline"
